type,text
Advantage,AI bots can operate 24/7- providing round-the-clock support and assistance.
Advantage,They can handle repetitive tasks- freeing up human employees for more creative and complex work.
Advantage,AI bots can analyze vast amounts of data quickly- aiding in data-driven decision-making.
Advantage,They offer consistent and standardized responses- ensuring uniform customer interactions.
Advantage,AI bots can personalize recommendations and content for individual users.
Advantage,They can improve customer service by providing instant answers to common questions.
Advantage,AI bots can identify and flag potential security threats or unusual activity in real-time.
Advantage,They reduce human error- leading to higher accuracy and productivity.
Advantage,AI bots can automate routine administrative tasks- streamlining operations.
Advantage,They scale easily- handling multiple conversations or transactions simultaneously.
Advantage,AI bots can analyze sentiment and feedback to gauge customer satisfaction.
Advantage,They adapt and learn from interactions- becoming more efficient over time.
Advantage,AI bots can assist with language translation- breaking down language barriers.
Advantage,They offer cost savings by reducing the need for extensive human support teams.
Advantage,AI bots can handle high volumes of customer inquiries during peak periods.
Advantage,They provide immediate responses- enhancing user experience and satisfaction.
Advantage,AI bots can assist in healthcare by analyzing medical data and offering diagnoses.
Advantage,They facilitate automation in industries like manufacturing and logistics.
Advantage,AI bots can provide educational support by offering explanations and guidance.
Advantage,They assist in sales and marketing by identifying potential leads and prospects.
Advantage,AI bots can automate content creation and curation for websites and social media.
Advantage,They enhance accessibility by providing assistance to individuals with disabilities.
Advantage,AI bots can assist in HR processes- such as resume screening and candidate sourcing.
Advantage,They improve efficiency in customer onboarding and account management.
Advantage,AI bots can analyze user behavior to predict trends and recommend strategies.
Danger,AI bots can make mistakes if not properly programmed- leading to errors and misunderstandings.
Danger,They may lack empathy and human touch- resulting in poor customer experiences.
Danger,AI bots can perpetuate biases present in their training data- leading to discrimination.
Danger,They are vulnerable to hacking and malicious use- posing security risks.
Danger,AI bots can lead to job displacement as they automate tasks traditionally done by humans.
Danger,They may struggle with complex or nuanced inquiries- frustrating users.
Danger,AI bots can invade privacy by collecting and analyzing user data without consent.
Danger,They can contribute to the spread of misinformation or fake news if used maliciously.
Danger,AI bots may lead to overreliance on technology- diminishing critical thinking skills.
Danger,They can escalate conflicts or provide inappropriate responses in sensitive situations.
Danger,AI bots may not understand cultural or regional nuances- causing offense.
Danger,They could be used for spamming and automated scams- harming individuals.
Danger,AI bots can contribute to job loss in customer service and call center industries.
Danger,They may prioritize efficiency over ethical considerations in decision-making.
Danger,AI bots can create a sense of isolation as human interaction is reduced.
Danger,They might suffer from technical issues or downtime- causing disruptions.
Danger,AI bots can be used for surveillance and tracking without consent.
Danger,They may lead to data breaches if not properly secured and monitored.
Danger,AI bots could amplify echo chambers and filter bubbles in online discussions.
Danger,They can misinterpret user